Adam Rodriguez;
Alana Lyons;
Alice Fernandez;
Anna Rodriguez;A certeza de conseguir naturalmente, A liberdade de conseguir simplesmente, A liberdade de conseguir simplesmente, A liberdade de inovar de maneira eficaz, A vantagem de ganhar antes de tudo, O conforto de realizar seus sonhos naturalmente, O poder de avançar com confiança, O poder de conseguir naturalmente, O prazer de mudar de maneira eficaz
Annie Leavins;
Antonio Horn;
Barbara Ice;
Bethany Hwang;A arte de ganhar sem preocupação, O conforto de inovar direto da fonte, O prazer de avançar com toda a tranquilidade
Betty Braud;A certeza de realizar seus sonhos antes de tudo, A certeza de realizar seus sonhos mais facilmente, A simplicidade de atingir seus objetivos com confiança, A simplicidade de concretizar seus projetos com força total
Betty Butler;
Betty Cox;A vantagem de ganhar antes de tudo
Bobby Tillman;A arte de ganhar sem preocupação, A possibilidade de atingir seus objetivos de maneira eficaz, A segurança de inovar antes de tudo, O conforto de realizar seus sonhos com toda a tranquilidade, O conforto de realizar seus sonhos simplesmente
Brant Lucas;A liberdade de concretizar seus projetos antes de tudo, A segurança de concretizar seus projetos mais facilmente, A segurança de realizar seus sonhos mais rapidamente, A vantagem de avançar naturalmente, O conforto de evoluir antes de tudo
Bree Scott;A vantagem de avançar simplesmente
Buddy Kimball;
Carl Biddle;
Carl Knight;
Carlos Aguirre;A arte de atingir seus objetivos mais rapidamente, A liberdade de atingir seus objetivos antes de tudo, O poder de avançar em estado puro
Carmen Goyette;A segurança de concretizar seus projetos de maneira eficaz, A simplicidade de concretizar seus projetos mais facilmente, A vantagem de avançar simplesmente, O direito de ganhar naturalmente
Carmen Moss;A arte de conseguir direto da fonte, A possibilidade de avançar sem preocupação, A vantagem de conseguir de maneira eficaz
Carmen Swafford;
Carol Moore;
Caroline Stone;
Carolyn Medina;
Catherine Stevens;O conforto de concretizar seus projetos com força total
Cathy Durham;
Celeste Pollock;
Charles Brown;
Charles Larson;O direito de concretizar seus projetos com força total, O direito de evoluir com força total
Charlie Larsen;A segurança de atingir seus objetivos antes de tudo, A segurança de atingir seus objetivos sem preocupação, A segurança de mudar simplesmente, A vantagem de inovar com confiança, O direito de atingir seus objetivos simplesmente, O direito de realizar seus sonhos com força total
Christine Allmon;A arte de avançar com força total, A arte de ganhar sem preocupação, A certeza de avançar simplesmente, A certeza de conseguir em estado puro, A liberdade de ganhar naturalmente, A possibilidade de mudar mais facilmente, A vantagem de conseguir de maneira eficaz, O direito de realizar seus sonhos sem preocupação, O prazer de realizar seus sonhos com confiança
Christine Olsen;A certeza de inovar em estado puro, A liberdade de atingir seus objetivos com toda a tranquilidade, A segurança de atingir seus objetivos antes de tudo, A segurança de conseguir com toda a tranquilidade, O conforto de ganhar simplesmente, O prazer de avançar mais rapidamente
Christopher Martino;
Dahlia Harris;
Daniel Natividad;A liberdade de conseguir em estado puro, A possibilidade de avançar mais facilmente, A simplicidade de avançar simplesmente, O conforto de inovar com força total, O direito de realizar seus sonhos direto da fonte
Daniel Phelps;
Diane Smith;A certeza de avançar simplesmente, O direito de ganhar mais facilmente
Dorothy Shaw;O prazer de evoluir direto da fonte, O prazer de mudar antes de tudo
Dustin Musgrove;
Eddie Scurlock;A certeza de realizar seus sonhos com confiança
Edward Carradine;A certeza de avançar de maneira eficaz, O conforto de evoluir de maneira eficaz, O direito de ganhar em estado puro
Edwin Johnson;
Elida Delarosa;
Elizabeth Robson;
Ella Banta;A simplicidade de concretizar seus projetos com força total, A simplicidade de evoluir mais facilmente, A vantagem de mudar em estado puro
Frank Thibodeaux;
George Winn;A liberdade de avançar simplesmente, A liberdade de conseguir sem preocupação, O poder de ganhar em estado puro
Georgiana Dupree;A certeza de inovar de maneira eficaz, A liberdade de conseguir simplesmente, A segurança de conseguir com toda a tranquilidade, A segurança de realizar seus sonhos com confiança, O conforto de avançar antes de tudo, O prazer de realizar seus sonhos direto da fonte
Gregory Byrd;A arte de conseguir antes de tudo, A arte de evoluir de maneira eficaz, A simplicidade de concretizar seus projetos em estado puro, A vantagem de inovar naturalmente, O conforto de ganhar mais facilmente, O poder de atingir seus objetivos mais rapidamente, O poder de realizar seus sonhos mais facilmente
Gregory Harris;
Gwendolyn Smith;
Harrison Reider;A possibilidade de ganhar mais facilmente, A simplicidade de evoluir sem preocupação
Howard Meade;
Jacob Hill;A certeza de realizar seus sonhos antes de tudo, A vantagem de conseguir em estado puro, O conforto de ganhar mais facilmente, O prazer de atingir seus objetivos mais facilmente
Jaimie Mccoy;
James Robledo;A certeza de conseguir com toda a tranquilidade, A liberdade de realizar seus sonhos de maneira eficaz, O conforto de evoluir de maneira eficaz, O direito de atingir seus objetivos de maneira eficaz
Jeff Montano;
Jeffrey Curry;A arte de realizar seus sonhos direto da fonte
Jennifer Robbinson;
Jenny Muller;A simplicidade de ganhar de maneira eficaz
Jerry Jones;
Jessica Debose;
John Reid;A segurança de concretizar seus projetos mais facilmente, A segurança de conseguir com toda a tranquilidade, O conforto de ganhar mais facilmente
John Sparks;A simplicidade de atingir seus objetivos com confiança, A simplicidade de ganhar de maneira eficaz
Joseph Atkin;
Joseph Brown;
Joyce Bridges;
Joyce Heiskell;O prazer de mudar sem preocupação
Juan Palmer;
Juan Yeiser;A possibilidade de evoluir direto da fonte, A segurança de concretizar seus projetos mais facilmente
Karen Burns;
Karen Johnson;
Karen Rivera;
Kay Turner;A arte de realizar seus sonhos sem preocupação, A liberdade de avançar simplesmente, A simplicidade de avançar simplesmente, O conforto de conseguir sem preocupação, O poder de avançar em estado puro, O poder de conseguir naturalmente, O prazer de evoluir em estado puro
Kayla Garcia;A simplicidade de evoluir com confiança, A vantagem de avançar com toda a tranquilidade, O direito de concretizar seus projetos com força total, O prazer de realizar seus sonhos com força total
Kelley Rezentes;A certeza de inovar de maneira eficaz, O conforto de concretizar seus projetos com força total, O direito de evoluir de maneira eficaz, O poder de ganhar mais facilmente
Kenneth Martinez;A arte de evoluir naturalmente
Kimberly Baker;
Kyle Lopez;
Lacey Davison;
Lenna Bolduc;A certeza de concretizar seus projetos em estado puro, A certeza de evoluir antes de tudo, A possibilidade de atingir seus objetivos de maneira eficaz, A possibilidade de evoluir com força total, A segurança de atingir seus objetivos sem preocupação, A simplicidade de evoluir sem preocupação, O prazer de inovar sem preocupação
Leon Montana;
Lewis Hampton;A segurança de mudar mais facilmente, A vantagem de ganhar sem preocupação, A vantagem de inovar naturalmente
Linda Bishop;A arte de ganhar sem preocupação, A arte de realizar seus sonhos direto da fonte, A liberdade de atingir seus objetivos com confiança, A segurança de atingir seus objetivos com força total, O prazer de conseguir em estado puro
Linda Rodriguez;A certeza de concretizar seus projetos simplesmente, A liberdade de ganhar sem preocupação, A possibilidade de avançar sem preocupação, O conforto de avançar antes de tudo, O conforto de mudar com confiança, O direito de ganhar direto da fonte
Lisa Eastman;A liberdade de atingir seus objetivos antes de tudo, A liberdade de conseguir em estado puro, A liberdade de inovar de maneira eficaz, A segurança de realizar seus sonhos sem preocupação, O conforto de concretizar seus projetos com força total, O conforto de evoluir antes de tudo, O conforto de realizar seus sonhos com toda a tranquilidade, O prazer de inovar sem preocupação
Loretta Shaddix;
Louis Clinard;A liberdade de ganhar antes de tudo, O direito de atingir seus objetivos antes de tudo, O poder de avançar em estado puro, O poder de conseguir com toda a tranquilidade, O poder de mudar com força total
Marcus Moore;
Margarita Aquino;
Marie Hirota;A certeza de concretizar seus projetos com confiança, A simplicidade de evoluir sem preocupação, O direito de ganhar em estado puro, O direito de ganhar mais facilmente, O poder de mudar com confiança
Marina Wilson;A certeza de avançar com toda a tranquilidade, A certeza de concretizar seus projetos simplesmente, A possibilidade de inovar sem preocupação, O direito de ganhar naturalmente
Mary Castle;A certeza de avançar naturalmente, A simplicidade de evoluir mais facilmente
Mary Shapiro;A arte de atingir seus objetivos mais rapidamente, A arte de evoluir naturalmente, A certeza de evoluir com confiança, A possibilidade de conseguir antes de tudo, A possibilidade de inovar com confiança, A possibilidade de mudar com confiança, A simplicidade de concretizar seus projetos com toda a tranquilidade, O prazer de evoluir em estado puro
Matthew Milne;A arte de avançar com força total, A segurança de atingir seus objetivos sem preocupação, O direito de conseguir mais facilmente, O prazer de evoluir direto da fonte
Matthew Wilcox;
Melinda Churchill;
Merlin Jones;A arte de concretizar seus projetos direto da fonte, A vantagem de conseguir com confiança
Michael Battiste;A vantagem de mudar em estado puro, O prazer de avançar naturalmente
Michael Conner;A possibilidade de inovar direto da fonte, A simplicidade de avançar mais facilmente, A vantagem de evoluir direto da fonte
Michael Garcia;A liberdade de concretizar seus projetos direto da fonte, A liberdade de realizar seus sonhos de maneira eficaz, A vantagem de inovar naturalmente, O direito de evoluir com força total, O poder de ganhar em estado puro, O prazer de conseguir em estado puro
Micheline Brown;A certeza de atingir seus objetivos naturalmente, A certeza de realizar seus sonhos mais facilmente, A segurança de atingir seus objetivos com força total
Milton Cox;A arte de evoluir com toda a tranquilidade, A liberdade de atingir seus objetivos com confiança, O prazer de atingir seus objetivos direto da fonte, O prazer de avançar com toda a tranquilidade
Nancy Caputo;
Nathan Kelley;
Neal Daley;A arte de evoluir antes de tudo, A liberdade de atingir seus objetivos com confiança, A segurança de evoluir sem preocupação, O direito de concretizar seus projetos com força total, O poder de concretizar seus projetos antes de tudo
Nellie Mckenzie;O direito de evoluir direto da fonte
Norma Peterson;
Patrick Abshire;A liberdade de atingir seus objetivos antes de tudo, A liberdade de atingir seus objetivos com força total, O conforto de avançar com confiança, O poder de atingir seus objetivos em estado puro, O poder de conseguir mais rapidamente, O poder de conseguir sem preocupação
Paul Ramirez;A segurança de inovar mais facilmente, O direito de avançar com força total, O prazer de conseguir de maneira eficaz
Philip Campbell;A certeza de realizar seus sonhos com confiança, A liberdade de mudar com força total, O poder de concretizar seus projetos em estado puro
Priscilla Lange;O prazer de mudar simplesmente
Reinaldo Brown;
Richard Abnet;A vantagem de inovar mais facilmente, O direito de ganhar em estado puro
Richard Larochelle;A segurança de realizar seus sonhos direto da fonte
Richard Rodriquez;A certeza de realizar seus sonhos com confiança, A liberdade de ganhar naturalmente, A possibilidade de concretizar seus projetos direto da fonte, O direito de ganhar em estado puro, O poder de ganhar em estado puro, O poder de ganhar em estado puro
Robert Bohon;A liberdade de inovar com confiança, A segurança de conseguir de maneira eficaz, A segurança de mudar mais facilmente, A vantagem de evoluir com toda a tranquilidade
Robert Mooney;A liberdade de evoluir com toda a tranquilidade, A simplicidade de evoluir com confiança, A vantagem de evoluir de maneira eficaz, O direito de atingir seus objetivos simplesmente, O direito de realizar seus sonhos com força total
Robin Shaw;A arte de evoluir com força total, A certeza de atingir seus objetivos antes de tudo, A segurança de avançar mais rapidamente, A segurança de concretizar seus projetos de maneira eficaz, A simplicidade de concretizar seus projetos com toda a tranquilidade, O conforto de ganhar simplesmente, O poder de concretizar seus projetos com força total
Roy Broussard;
Ryan Gonzalez;A simplicidade de ganhar mais facilmente
Sade Morgan;
Samuel White;
Sharon Martin;
Shirley Carnegie;
Shirley Rosenberg;A simplicidade de avançar mais facilmente, A simplicidade de conseguir de maneira eficaz
Shirley Willingham;A vantagem de realizar seus sonhos com toda a tranquilidade, O prazer de atingir seus objetivos mais facilmente, O prazer de conseguir com força total, O prazer de conseguir em estado puro, O prazer de mudar direto da fonte
Sigrid Laguna;
Stephane Laigo;A simplicidade de atingir seus objetivos de maneira eficaz, O poder de atingir seus objetivos mais rapidamente
Steve Blacker;O conforto de concretizar seus projetos antes de tudo, O poder de atingir seus objetivos direto da fonte, O poder de ganhar em estado puro
Steve Thelen;A arte de concretizar seus projetos direto da fonte, A liberdade de avançar simplesmente, A segurança de mudar mais facilmente, A simplicidade de concretizar seus projetos em estado puro, A simplicidade de conseguir de maneira eficaz, A vantagem de realizar seus sonhos com toda a tranquilidade, O prazer de atingir seus objetivos mais facilmente, O prazer de ganhar em estado puro
Steven Rexrode;A certeza de conseguir antes de tudo, O prazer de inovar com toda a tranquilidade
Susan Carrigan;
Sylvia Springer;O direito de avançar com força total, O poder de conseguir naturalmente
Thomas Cho;
Thomas Lynch;
Timothy Daigle;
Valencia Deshong;
Wade Hendrickson;O conforto de avançar com confiança, O conforto de realizar seus sonhos com toda a tranquilidade
Winston Inglis;A possibilidade de inovar com força total, O direito de ganhar mais facilmente
