CÃ³digo;Tipo;Nome
1;A;Priscilla Lange
2;U;Doris Mattison
3;P;Bobby Tillman
4;U;Michael Hatfield
5;A;Jeffrey Curry
6;P;Neal Daley
7;U;Joseph Johnson
8;A;John Sparks
9;A;Richard Rodriquez
10;A;George Winn
11;A;Linda Bishop
12;A;Charles Larson
13;P;Christine Olsen
14;P;Robin Shaw
15;U;Brandi Patrick
16;A;Philip Campbell
17;P;Anna Rodriguez
18;U;Kenneth Valentin
19;P;Steven Rexrode
20;A;Richard Larochelle
21;A;Christine Allmon
22;A;Nellie Mckenzie
23;P;Linda Rodriguez
24;A;Gregory Byrd
25;P;Wade Hendrickson
26;P;Paul Ramirez
27;A;Lewis Hampton
28;P;Sylvia Springer
29;P;Brant Lucas
30;U;Margie Barnett
31;P;Charlie Larsen
32;P;Juan Yeiser
33;P;Kay Turner
34;U;Rhonda Mott
35;U;Anthony Henderson
36;U;Dale Curran
37;U;Thomas Bobo
38;A;Mary Castle
39;A;Marie Hirota
40;A;Robert Bohon
41;P;Lenna Bolduc
42;U;Donald Garrett
43;P;Harrison Reider
44;U;Elizabeth Torrez
45;U;Edward Harris
46;U;Candice Rice
47;A;Betty Braud
48;A;Jenny Muller
49;U;Kurt Simmons
50;A;Joyce Heiskell
51;A;Eddie Scurlock
52;P;Patrick Abshire
53;A;Edward Carradine
54;A;Bethany Hwang
55;A;Kenneth Martinez
56;P;Carmen Goyette
57;A;Shirley Rosenberg
58;P;Louis Clinard
59;U;Christine Hinrichs
60;A;Michael Garcia
61;P;Kelley Rezentes
62;U;Dayle Garabedian
63;A;Ryan Gonzalez
64;P;Robert Mooney
65;P;Daniel Natividad
66;A;Merlin Jones
67;A;Milton Cox
68;A;Betty Cox
69;A;Steve Blacker
70;A;Michael Conner
71;P;John Reid
72;P;Georgiana Dupree
73;A;Winston Inglis
74;U;Michael Mccutchen
75;U;Emily Tarango
76;U;Tom Reinhart
77;P;Marina Wilson
78;A;Richard Abnet
79;A;Karen Johnson
80;P;Lisa Eastman
81;A;Jacob Hill
82;P;Carlos Aguirre
83;A;Matthew Milne
84;U;Dorothy Johnson
85;A;Micheline Brown
86;P;Bree Scott
87;A;Catherine Stevens
88;A;Ella Banta
89;A;Dorothy Shaw
90;A;James Robledo
91;A;Shirley Willingham
92;A;Stephane Laigo
93;U;Margaret Cooper
94;P;Mary Shapiro
95;A;Steve Thelen
96;A;Diane Smith
97;U;Jeffrey Smith
98;P;Kayla Garcia
99;P;Carmen Moss
100;A;Michael Battiste
101;U;Bobby Seabolt
102;A;Gregory Harris
103;P;Caroline Stone
104;A;Reinaldo Brown
105;P;Sharon Martin
106;U;Frankie Kosiba
107;U;Joe Moser
108;P;Karen Burns
109;P;Betty Butler
110;P;Kyle Lopez
111;A;Elida Delarosa
112;U;Katharine Deloatch
113;U;Anna Reyes
114;P;Jennifer Robbinson
115;P;Alice Fernandez
116;P;Dustin Musgrove
117;U;Maria Perry
118;A;Jeff Montano
119;P;Carl Biddle
120;A;Cathy Durham
121;U;Paul Puulei
122;P;Thomas Lynch
123;A;Melinda Churchill
124;U;Thomas Zorra
125;A;Susan Carrigan
126;A;Jaimie Mccoy
127;A;Daniel Phelps
128;A;Margarita Aquino
129;P;Matthew Wilcox
130;U;Gary Webb
131;U;Joan Raabe
132;U;Mark Powell
133;U;Ricardo Hill
134;A;Elizabeth Robson
135;U;Ricky Rosen
136;A;Lacey Davison
137;U;Stephanie Fyfe
138;P;Joseph Atkin
139;P;Carol Moore
140;P;Roy Broussard
141;P;Adam Rodriguez
142;U;Virginia Bak
143;A;Edwin Johnson
144;P;Loretta Shaddix
145;U;Carmen Calderon
146;P;Buddy Kimball
147;A;Kimberly Baker
148;U;Justin Powers
149;A;Juan Palmer
150;P;Christopher Martino
151;U;Patricia Pompey
152;A;Joyce Bridges
153;P;Sade Morgan
154;A;Carmen Swafford
155;P;Barbara Ice
156;U;Cyndy Richardson
157;U;Susan Greene
158;A;Norma Peterson
159;A;Frank Thibodeaux
160;A;Celeste Pollock
161;P;Samuel White
162;U;Charles Pena
163;A;Jerry Jones
164;P;Leon Montana
165;U;Doris Lang
166;U;Patrick Lee
167;U;Richard Johnson
168;P;Howard Meade
169;U;Donna Mcilvaine
170;P;Annie Leavins
171;A;Jessica Debose
172;U;Peggy Young
173;U;Joseph Battle
174;U;Robert Andersen
175;U;Claud Stout
176;A;Timothy Daigle
177;P;Sigrid Laguna
178;A;Charles Brown
179;P;Antonio Horn
180;P;Dahlia Harris
181;P;Valencia Deshong
182;P;Nancy Caputo
183;A;Shirley Carnegie
184;U;Dale Pegram
185;U;Nancy Achee
186;P;Gwendolyn Smith
187;P;Carolyn Medina
188;P;Carl Knight
189;A;Nathan Kelley
190;U;Steven Marzett
191;A;Thomas Cho
192;U;Angela Hancock
193;A;Alana Lyons
194;U;Charles Sykes
195;A;Joseph Brown
196;U;Madelaine Towne
197;P;Marcus Moore
198;U;Leatrice Martino
199;U;Andrew Valle
200;A;Karen Rivera
